7.125065922737121582e-01,-1.132079243659973145e+00,-2.973922491073608398e+00,-4.353607654571533203e+00,-4.209295272827148438e+00,-3.370139598846435547e+00,-2.388855457305908203e+00,-1.627418160438537598e+00,-1.613976478576660156e+00,-1.029506444931030273e+00,-3.977158367633819580e-01,-3.644773066043853760e-01,-4.275591075420379639e-01,-3.829204142093658447e-01,-3.154420554637908936e-01,-2.543775737285614014e-01,-3.084384799003601074e-01,-3.373213410377502441e-01,-3.749869167804718018e-01,-4.049376845359802246e-01,-4.638381004333496094e-01,-4.385744929313659668e-01,-4.354836344718933105e-01,-4.668168425559997559e-01,-4.970255792140960693e-01,-5.157200098037719727e-01,-5.579556226730346680e-01,-6.892040371894836426e-01,-6.774329543113708496e-01,-7.122241258621215820e-01,-7.784901261329650879e-01,-7.985876798629760742e-01,-9.247331619262695312e-01,-8.998147249221801758e-01,-9.337325692176818848e-01,-9.172709584236145020e-01,-8.866140246391296387e-01,-8.964985013008117676e-01,-8.394233584403991699e-01,-8.609753847122192383e-01,-7.852790355682373047e-01,-7.790440320968627930e-01,-6.561751961708068848e-01,-4.995819628238677979e-01,-4.966173470020294189e-01,-2.815979421138763428e-01,-2.572689950466156006e-01,-1.899976134300231934e-01,-1.581920683383941650e-01,-1.820522099733352661e-01,-8.579590171575546265e-02,-1.749327220022678375e-02,-4.931201040744781494e-02,-1.495178439654409885e-03,-1.208838298916816711e-01,-6.692761927843093872e-02,-6.123704090714454651e-02,-1.113709807395935059e-02,-8.126786351203918457e-02,-9.563494473695755005e-02,-8.258754014968872070e-02,-8.342973142862319946e-02,-6.766282953321933746e-03,6.734815984964370728e-02,1.725452244281768799e-01,1.813784837722778320e-01,1.439678370952606201e-01,1.051434203982353210e-01,2.327129393815994263e-01,3.738918006420135498e-01,2.924647331237792969e-01,3.586199581623077393e-01,4.618141651153564453e-01,5.545814037322998047e-01,5.530928969383239746e-01,5.413972735404968262e-01,6.216214299201965332e-01,5.734196901321411133e-01,5.381780862808227539e-01,5.968872308731079102e-01,5.871393680572509766e-01,5.280723571777343750e-01,5.070686936378479004e-01,4.896768927574157715e-01,5.342009663581848145e-01,4.329102933406829834e-01,4.693078994750976562e-01,4.626422822475433350e-01,3.991734087467193604e-01,3.919917941093444824e-01,3.446501195430755615e-01,3.612352907657623291e-01,4.101410806179046631e-01,2.863257527351379395e-01,3.387938737869262695e-01,4.084739089012145996e-01,4.022649228572845459e-01,6.183885335922241211e-01,9.296970963478088379e-01,1.050583004951477051e+00,1.105512499809265137e+00,1.268318891525268555e+00,1.501447558403015137e+00,1.731019735336303711e+00,1.800367236137390137e+00,1.629802346229553223e+00,1.608237743377685547e+00,1.368541002273559570e+00,1.201764702796936035e+00,1.026804327964782715e+00,8.242800831794738770e-01,6.715948581695556641e-01,4.983403682708740234e-01,1.423236429691314697e-01,-5.424496158957481384e-02,-9.750024974346160889e-02,-6.402865052223205566e-02,-1.056022495031356812e-01,-1.583004593849182129e-01,-1.289438009262084961e-01,-1.672513931989669800e-01,-1.539152711629867554e-01,-1.417763531208038330e-01,-1.658843271434307098e-02,-1.131845787167549133e-01,-1.658304035663604736e-01,-1.490294933319091797e-01,-1.301833838224411011e-01,1.062435097992420197e-02,2.457547932863235474e-01,1.092461109161376953e+00,1.507477283477783203e+00,1.619106531143188477e+00,2.170999050140380859e+00,2.366555690765380859e+00,1.872776746749877930e+00,1.068912863731384277e+00,7.222234010696411133e-01,1.005986094474792480e+00,5.800592899322509766e-02
1.014177203178405762e+00,6.801702380180358887e-01,1.723196059465408325e-01,-3.863049149513244629e-01,-6.280757188796997070e-01,-8.158913850784301758e-01,-9.582943320274353027e-01,-1.083151102066040039e+00,-1.232385158538818359e+00,-1.247947692871093750e+00,-1.080596327781677246e+00,-8.023469448089599609e-01,-5.595138072967529297e-01,-4.033807516098022461e-01,-2.930608391761779785e-01,-1.881559044122695923e-01,-4.667441546916961670e-02,1.763026267290115356e-01,4.535429477691650391e-01,5.620947480201721191e-01,4.760051965713500977e-01,4.701372981071472168e-01,5.170053243637084961e-01,4.848155379295349121e-01,4.806528091430664062e-01,5.127038359642028809e-01,4.961005747318267822e-01,4.761602282524108887e-01,5.082491636276245117e-01,5.295715332031250000e-01,5.043594837188720703e-01,4.854373037815093994e-01,4.769971072673797607e-01,4.824166893959045410e-01,4.804629981517791748e-01,4.730773270130157471e-01,4.918091595172882080e-01,4.228100180625915527e-01,3.853222727775573730e-01,4.597971737384796143e-01,4.229990243911743164e-01,3.873893916606903076e-01,4.246013164520263672e-01,4.113822877407073975e-01,4.520222842693328857e-01,4.897940754890441895e-01,4.096200764179229736e-01,4.169256687164306641e-01,4.611828327178955078e-01,3.778220117092132568e-01,3.439017236232757568e-01,3.441182374954223633e-01,3.539124131202697754e-01,3.438662588596343994e-01,2.646014094352722168e-01,3.236537575721740723e-01,3.576776981353759766e-01,2.862278819084167480e-01,3.440950512886047363e-01,3.568085730075836182e-01,2.576279938220977783e-01,2.674132585525512695e-01,2.922439575195312500e-01,2.317058145999908447e-01,2.426469027996063232e-01,2.903328835964202881e-01,2.633809745311737061e-01,2.453116327524185181e-01,2.185195833444595337e-01,1.740197986364364624e-01,2.080394178628921509e-01,1.976797878742218018e-01,1.836607158184051514e-01,2.580793797969818115e-01,2.238724231719970703e-01,1.973398029804229736e-01,2.680693566799163818e-01,2.781156897544860840e-01,2.765421271324157715e-01,2.913216650485992432e-01,3.038775026798248291e-01,3.159666359424591064e-01,3.293394148349761963e-01,3.467960059642791748e-01,3.343286216259002686e-01,3.403981328010559082e-01,3.930377364158630371e-01,4.286972880363464355e-01,4.536047577857971191e-01,4.821671545505523682e-01,4.727770090103149414e-01,4.887017607688903809e-01,5.441376566886901855e-01,5.402111411094665527e-01,5.225042104721069336e-01,5.379077196121215820e-01,5.480152964591979980e-01,5.619769692420959473e-01,5.568511486053466797e-01,5.410140752792358398e-01,5.854219198226928711e-01,6.124128699302673340e-01,5.947809219360351562e-01,6.333950757980346680e-01,6.414533257484436035e-01,6.064426302909851074e-01,6.139966845512390137e-01,6.155859231948852539e-01,6.062403917312622070e-01,5.845428109169006348e-01,5.875906348228454590e-01,6.301172971725463867e-01,6.577339768409729004e-01,6.790342330932617188e-01,6.246958971023559570e-01,5.016745328903198242e-01,3.675742447376251221e-01,2.662399113178253174e-01,3.046192526817321777e-01,3.208236098289489746e-01,2.284132540225982666e-01,1.237706691026687622e-01,-5.181890726089477539e-02,-2.294328957796096802e-01,-3.850623965263366699e-01,-5.622837543487548828e-01,-7.061935663223266602e-01,-8.380874395370483398e-01,-9.866842627525329590e-01,-1.224732756614685059e+00,-1.636997222900390625e+00,-2.154715299606323242e+00,-2.726836919784545898e+00,-3.350138664245605469e+00,-3.648134469985961914e+00,-4.112572193145751953e+00,-4.408596515655517578e+00,-3.797530651092529297e+00,-3.474364757537841797e+00,-1.519931554794311523e+00
-1.127530217170715332e+00,-2.892678499221801758e+00,-4.039125442504882812e+00,-4.997514247894287109e+00,-4.388872623443603516e+00,-2.979172706604003906e+00,-1.857898473739624023e+00,-1.661817908287048340e+00,-8.804712295532226562e-01,-1.870546489953994751e-01,-2.155388593673706055e-01,-1.814678311347961426e-01,-1.859535872936248779e-01,-1.528039276599884033e-01,-1.357098370790481567e-01,-1.336247771978378296e-01,-1.922868937253952026e-01,-2.196552902460098267e-01,-2.225675731897354126e-01,-2.405898571014404297e-01,-1.615501642227172852e-01,-2.253896296024322510e-01,-2.231469601392745972e-01,-2.614369094371795654e-01,-2.169317305088043213e-01,-3.255799412727355957e-01,-4.261055290699005127e-01,-3.806113898754119873e-01,-4.528014063835144043e-01,-5.751127004623413086e-01,-5.302549004554748535e-01,-5.456947684288024902e-01,-5.263628959655761719e-01,-6.232985854148864746e-01,-6.141012907028198242e-01,-6.114976406097412109e-01,-5.633478760719299316e-01,-5.976480841636657715e-01,-5.548298358917236328e-01,-4.302648603916168213e-01,-4.668067991733551025e-01,-3.091540634632110596e-01,-1.902469843626022339e-01,-3.268444538116455078e-02,-7.135640084743499756e-02,2.297753468155860901e-02,1.035186555236577988e-02,8.183324337005615234e-02,1.666890829801559448e-02,5.995347723364830017e-02,5.107594653964042664e-02,1.496252268552780151e-01,4.415581747889518738e-02,3.961257636547088623e-02,1.328787356615066528e-01,1.519702523946762085e-01,7.058750838041305542e-02,6.292435526847839355e-02,1.089990809559822083e-01,1.380639821290969849e-01,6.822445243597030640e-02,2.339547425508499146e-01,2.402008175849914551e-01,1.780979633331298828e-01,2.264005988836288452e-01,2.908303737640380859e-01,4.181595444679260254e-01,4.725795090198516846e-01,4.321457743644714355e-01,5.240771174430847168e-01,5.777882337570190430e-01,6.524436473846435547e-01,6.549625396728515625e-01,6.654607653617858887e-01,7.379813790321350098e-01,7.408564686775207520e-01,7.632510066032409668e-01,7.024624943733215332e-01,7.284753322601318359e-01,7.058551311492919922e-01,6.297274827957153320e-01,6.830349564552307129e-01,5.873889923095703125e-01,5.408181548118591309e-01,5.839963555335998535e-01,4.995532929897308350e-01,4.853636920452117920e-01,4.595415592193603516e-01,4.612493515014648438e-01,4.484929442405700684e-01,2.502643764019012451e-01,3.280574083328247070e-01,2.915554940700531006e-01,4.225549995899200439e-01,2.845828235149383545e-01,2.965367734432220459e-01,4.693890511989593506e-01,3.930465877056121826e-01,5.200322270393371582e-01,7.048838734626770020e-01,8.179211616516113281e-01,8.864606618881225586e-01,9.635803103446960449e-01,1.037860155105590820e+00,1.307959914207458496e+00,1.442487955093383789e+00,1.113561034202575684e+00,8.736901283264160156e-01,5.938585996627807617e-01,3.650224506855010986e-01,4.297961890697479248e-01,4.565283954143524170e-01,4.032195806503295898e-01,1.419869661331176758e-01,-6.592287123203277588e-02,-2.568078935146331787e-01,-2.816936075687408447e-01,-2.381136268377304077e-01,-3.271028697490692139e-01,-2.000528424978256226e-01,-3.022439181804656982e-01,-2.952106893062591553e-01,-2.914119064807891846e-01,-2.076560556888580322e-01,-2.949731647968292236e-01,-2.964045107364654541e-01,-2.187826037406921387e-01,-2.734204232692718506e-01,-1.866232454776763916e-01,1.422475427389144897e-01,1.009902834892272949e+00,1.913274645805358887e+00,1.925495505332946777e+00,2.236572265625000000e+00,2.564307212829589844e+00,1.803878903388977051e+00,2.810247838497161865e-01,-9.028822183609008789e-01,-7.503543496131896973e-01,-1.008387088775634766e+00
-5.255979895591735840e-01,-1.039059042930603027e+00,-1.393898725509643555e+00,-1.828363299369812012e+00,-1.963276386260986328e+00,-2.237278699874877930e+00,-2.183704614639282227e+00,-2.020807027816772461e+00,-1.680639743804931641e+00,-1.157408356666564941e+00,-7.282641530036926270e-01,-5.106874108314514160e-01,-4.027425348758697510e-01,-1.584971249103546143e-01,1.336858421564102173e-01,3.049785792827606201e-01,3.483061492443084717e-01,2.874626815319061279e-01,2.754145562648773193e-01,2.468559890985488892e-01,2.808730304241180420e-01,3.351938128471374512e-01,2.807735204696655273e-01,1.997420489788055420e-01,1.929045617580413818e-01,2.727096080780029297e-01,2.884452939033508301e-01,2.572599053382873535e-01,3.021288216114044189e-01,2.698469460010528564e-01,2.227492183446884155e-01,2.468018829822540283e-01,2.938220798969268799e-01,3.006542325019836426e-01,2.932009398937225342e-01,3.204133510589599609e-01,2.673163115978240967e-01,2.334117293357849121e-01,1.990129649639129639e-01,1.950747817754745483e-01,2.897637188434600830e-01,2.652451395988464355e-01,2.323123514652252197e-01,2.400579452514648438e-01,1.968308538198471069e-01,2.781594395637512207e-01,2.877497076988220215e-01,2.697754502296447754e-01,2.577387094497680664e-01,1.815127879381179810e-01,1.712310761213302612e-01,1.850859373807907104e-01,2.165314704179763794e-01,2.992261946201324463e-01,3.545660674571990967e-01,3.089697957038879395e-01,2.607284486293792725e-01,2.386549264192581177e-01,3.286991715431213379e-01,4.310751557350158691e-01,4.458152651786804199e-01,4.424427151679992676e-01,4.102825522422790527e-01,4.991996586322784424e-01,5.289684534072875977e-01,4.769484996795654297e-01,5.320915579795837402e-01,5.956050157546997070e-01,5.213546156883239746e-01,4.415409564971923828e-01,4.742335677146911621e-01,5.008326768875122070e-01,5.463694334030151367e-01,5.225045084953308105e-01,4.518667459487915039e-01,4.505722522735595703e-01,4.616419374942779541e-01,4.571768045425415039e-01,4.425259530544281006e-01,4.431679248809814453e-01,4.574233889579772949e-01,4.693959057331085205e-01,4.904198348522186279e-01,4.622029662132263184e-01,3.864785432815551758e-01,4.473439157009124756e-01,4.815292060375213623e-01,4.116993248462677002e-01,4.700389504432678223e-01,4.605056643486022949e-01,4.031676054000854492e-01,4.626785814762115479e-01,5.078993439674377441e-01,5.323632955551147461e-01,5.276229977607727051e-01,4.854831397533416748e-01,4.906082451343536377e-01,5.439265370368957520e-01,5.990059375762939453e-01,5.838257670402526855e-01,6.589009761810302734e-01,6.829116940498352051e-01,6.616843342781066895e-01,6.664067506790161133e-01,6.119740009307861328e-01,7.203459739685058594e-01,8.025361895561218262e-01,7.242840528488159180e-01,6.794484853744506836e-01,6.790882945060729980e-01,7.487140297889709473e-01,8.096432089805603027e-01,8.138427138328552246e-01,7.928466796875000000e-01,7.657194137573242188e-01,7.934190630912780762e-01,6.139514446258544922e-01,4.052275121212005615e-01,4.128951728343963623e-01,5.769805312156677246e-01,6.861950755119323730e-01,5.611091256141662598e-01,3.364067971706390381e-01,1.183208823204040527e-01,-4.970927163958549500e-02,-1.411189883947372437e-01,-1.285591274499893188e-01,-2.832061052322387695e-01,-5.012060403823852539e-01,-8.524420261383056641e-01,-1.509945511817932129e+00,-2.096758842468261719e+00,-2.640594959259033203e+00,-3.303456544876098633e+00,-4.083189487457275391e+00,-4.223368167877197266e+00,-3.884057760238647461e+00,-2.679290771484375000e+00,-1.803454041481018066e+00,-7.739832401275634766e-01
1.677136182785034180e+00,-2.055593729019165039e-01,-2.751934051513671875e+00,-4.317323207855224609e+00,-3.994292736053466797e+00,-2.947214126586914062e+00,-1.805625796318054199e+00,-1.542507052421569824e+00,-1.238729953765869141e+00,-4.335944354534149170e-01,-2.376900166273117065e-01,-2.207311391830444336e-01,-2.304209470748901367e-01,-2.675115764141082764e-01,-2.419183552265167236e-01,-3.098420202732086182e-01,-2.877948582172393799e-01,-1.987186074256896973e-01,-2.802966535091400146e-01,-3.799124062061309814e-01,-3.267898857593536377e-01,-3.464558124542236328e-01,-4.096803665161132812e-01,-5.507891774177551270e-01,-5.487315654754638672e-01,-7.067921161651611328e-01,-6.022288203239440918e-01,-7.074477672576904297e-01,-7.849638462066650391e-01,-8.920947313308715820e-01,-9.533808231353759766e-01,-1.014538049697875977e+00,-1.028131246566772461e+00,-1.170451879501342773e+00,-1.145571351051330566e+00,-1.158626556396484375e+00,-1.239916324615478516e+00,-1.184542655944824219e+00,-1.169543623924255371e+00,-1.105153799057006836e+00,-1.019467353820800781e+00,-8.645654320716857910e-01,-8.148539662361145020e-01,-7.026865482330322266e-01,-5.329126119613647461e-01,-3.683800995349884033e-01,-2.875271141529083252e-01,-2.178759574890136719e-01,-8.883447945117950439e-02,-1.091840211302042007e-02,-7.093358039855957031e-02,2.091115154325962067e-02,3.279649838805198669e-02,1.633923873305320740e-02,6.384327262639999390e-02,1.359761506319046021e-01,1.540304422378540039e-01,1.660933345556259155e-01,1.835138350725173950e-01,1.921430826187133789e-01,2.208981812000274658e-01,2.496400326490402222e-01,2.878870069980621338e-01,3.393541574478149414e-01,2.945285737514495850e-01,3.036392629146575928e-01,4.101494252681732178e-01,5.090640783309936523e-01,5.159974694252014160e-01,6.007549166679382324e-01,5.049869418144226074e-01,5.295553803443908691e-01,5.855057835578918457e-01,5.088565349578857422e-01,5.451534986495971680e-01,5.205186605453491211e-01,5.918169021606445312e-01,5.070040225982666016e-01,5.517418384552001953e-01,5.115889310836791992e-01,4.190086126327514648e-01,4.663221836090087891e-01,4.679783880710601807e-01,5.298176407814025879e-01,3.572131991386413574e-01,3.811163008213043213e-01,2.750644683837890625e-01,3.457949161529541016e-01,2.553157806396484375e-01,1.786541044712066650e-01,2.475087344646453857e-01,2.886288464069366455e-01,2.842501699924468994e-01,2.917907238006591797e-01,2.780578136444091797e-01,3.075429797172546387e-01,4.611864686012268066e-01,6.636571884155273438e-01,7.719492912292480469e-01,9.518280625343322754e-01,1.101713418960571289e+00,1.343870282173156738e+00,1.570231556892395020e+00,1.726626753807067871e+00,1.712652683258056641e+00,1.666804671287536621e+00,1.562605023384094238e+00,1.381420016288757324e+00,1.152363657951354980e+00,8.854666948318481445e-01,5.903000831604003906e-01,2.281060814857482910e-01,-3.960647061467170715e-02,-2.856501042842864990e-01,-3.594375252723693848e-01,-3.224080801010131836e-01,-3.107338249683380127e-01,-4.550254940986633301e-01,-4.006193876266479492e-01,-3.848293721675872803e-01,-3.618808984756469727e-01,-4.298231303691864014e-01,-3.873830437660217285e-01,-3.744759857654571533e-01,-4.365135729312896729e-01,-4.470764398574829102e-01,-4.227310121059417725e-01,-3.269408941268920898e-01,-1.798355281352996826e-01,2.414648383855819702e-01,7.532137036323547363e-01,5.773911476135253906e-01,6.247209906578063965e-01,1.255200743675231934e+00,1.812308073043823242e+00,2.020720958709716797e+00,1.958962917327880859e+00,1.924262881278991699e+00,2.335463285446166992e+00,1.461393356323242188e+00
-9.079165458679199219e-01,-1.834116935729980469e+00,-2.409046173095703125e+00,-2.928291559219360352e+00,-2.878875494003295898e+00,-2.769082307815551758e+00,-2.486541509628295898e+00,-2.291190624237060547e+00,-1.837902307510375977e+00,-1.171515345573425293e+00,-7.931782007217407227e-01,-6.763899922370910645e-01,-5.356594920158386230e-01,-1.638564765453338623e-01,2.120529413223266602e-01,2.990635335445404053e-01,2.818597555160522461e-01,2.441686689853668213e-01,2.355727255344390869e-01,1.308778673410415649e-01,1.625093072652816772e-01,2.565644085407257080e-01,2.478169202804565430e-01,3.180197775363922119e-01,2.685194015502929688e-01,2.493808716535568237e-01,2.832759618759155273e-01,2.747896015644073486e-01,2.829175591468811035e-01,2.388331741094589233e-01,1.594489216804504395e-01,1.873661130666732788e-01,1.988408714532852173e-01,1.057157516479492188e-01,2.239993661642074585e-01,3.387871980667114258e-01,2.908343076705932617e-01,2.128885835409164429e-01,5.516882985830307007e-02,6.468171704909764230e-06,9.467588365077972412e-02,1.772412061691284180e-01,1.903053522109985352e-01,1.827184110879898071e-01,1.515728533267974854e-01,1.041610613465309143e-01,1.171033605933189392e-01,1.833465397357940674e-01,2.093814164400100708e-01,1.696715056896209717e-01,1.088775917887687683e-01,4.823848232626914978e-02,5.000217258930206299e-02,1.029106825590133667e-01,9.113018959760665894e-02,8.971959352493286133e-02,1.209629625082015991e-01,7.235615700483322144e-02,1.141106709837913513e-01,1.315704733133316040e-01,2.491255253553390503e-01,3.439281284809112549e-01,1.828259527683258057e-01,2.432869821786880493e-01,3.524903357028961182e-01,4.627076685428619385e-01,5.560716986656188965e-01,4.746148586273193359e-01,4.209355115890502930e-01,4.080208837985992432e-01,4.456924796104431152e-01,5.178110003471374512e-01,5.119396448135375977e-01,5.880423784255981445e-01,6.406695246696472168e-01,5.580835342407226562e-01,5.117112398147583008e-01,4.581401944160461426e-01,4.621525108814239502e-01,5.210138559341430664e-01,4.769218862056732178e-01,4.935115277767181396e-01,5.663128495216369629e-01,5.131452679634094238e-01,5.376481413841247559e-01,5.515547990798950195e-01,4.826169013977050781e-01,5.228321552276611328e-01,4.586544334888458252e-01,5.110315680503845215e-01,6.313958168029785156e-01,5.693565011024475098e-01,5.866815447807312012e-01,5.924466848373413086e-01,6.041286587715148926e-01,6.766037344932556152e-01,6.026765108108520508e-01,6.469285488128662109e-01,6.615625023841857910e-01,5.247666239738464355e-01,5.510922670364379883e-01,6.135334968566894531e-01,6.794856190681457520e-01,7.057070136070251465e-01,7.226523160934448242e-01,7.594893574714660645e-01,7.150618433952331543e-01,6.983636617660522461e-01,8.392969965934753418e-01,9.281219244003295898e-01,8.496700525283813477e-01,8.100138902664184570e-01,8.341447710990905762e-01,8.388090729713439941e-01,8.577957153320312500e-01,7.630155682563781738e-01,6.651965975761413574e-01,6.184762120246887207e-01,5.153282880783081055e-01,6.342949271202087402e-01,6.389797329902648926e-01,5.465791821479797363e-01,5.218893289566040039e-01,4.362590014934539795e-01,5.110489130020141602e-01,6.445426344871520996e-01,5.853816270828247070e-01,2.120271027088165283e-01,-1.520819514989852905e-01,-5.606368780136108398e-01,-1.190850734710693359e+00,-1.716128945350646973e+00,-2.264999389648437500e+00,-3.073472738265991211e+00,-3.675446748733520508e+00,-3.581481456756591797e+00,-3.043779134750366211e+00,-1.912311196327209473e+00,-1.531439185142517090e+00,-6.994420289993286133e-01
-2.360620349645614624e-01,-2.962384700775146484e+00,-3.951254129409790039e+00,-4.443344593048095703e+00,-3.953228473663330078e+00,-2.878542184829711914e+00,-1.905866146087646484e+00,-1.608257055282592773e+00,-8.586277365684509277e-01,-3.713189959526062012e-01,-4.225786328315734863e-01,-3.535040020942687988e-01,-4.264299571514129639e-01,-3.419981896877288818e-01,-3.957160115242004395e-01,-4.016014337539672852e-01,-3.911449015140533447e-01,-4.326800704002380371e-01,-4.445983469486236572e-01,-5.033621788024902344e-01,-5.103289484977722168e-01,-5.656334757804870605e-01,-6.076561808586120605e-01,-6.003910899162292480e-01,-6.377488970756530762e-01,-6.488468050956726074e-01,-6.779223680496215820e-01,-7.788041234016418457e-01,-7.872065305709838867e-01,-8.508436083793640137e-01,-9.121711850166320801e-01,-8.846269249916076660e-01,-9.788709282875061035e-01,-9.246168732643127441e-01,-9.548891782760620117e-01,-9.170830845832824707e-01,-9.011672139167785645e-01,-9.799456000328063965e-01,-9.985408782958984375e-01,-8.329302072525024414e-01,-8.292078971862792969e-01,-7.013267874717712402e-01,-5.676170587539672852e-01,-5.228585004806518555e-01,-3.693654537200927734e-01,-3.094839453697204590e-01,-2.751889228820800781e-01,-2.354564815759658813e-01,-1.244130209088325500e-01,-1.183160319924354553e-01,-4.523129761219024658e-02,-4.491263628005981445e-02,1.553620211780071259e-02,5.700194090604782104e-02,1.119095683097839355e-01,1.120166927576065063e-01,1.666174083948135376e-01,1.786507368087768555e-01,1.235486492514610291e-01,1.461539864540100098e-01,2.687185406684875488e-01,2.836115062236785889e-01,2.385286539793014526e-01,3.634423017501831055e-01,3.683495819568634033e-01,3.866371810436248779e-01,4.470989704132080078e-01,5.409902930259704590e-01,5.263609290122985840e-01,5.913782119750976562e-01,5.683053731918334961e-01,6.000490188598632812e-01,6.699293255805969238e-01,6.473995447158813477e-01,6.115819811820983887e-01,6.651016473770141602e-01,7.135835289955139160e-01,6.202841997146606445e-01,5.753577351570129395e-01,5.633530616760253906e-01,5.290848016738891602e-01,5.203279256820678711e-01,5.769904255867004395e-01,5.256788134574890137e-01,4.469067156314849854e-01,5.622992515563964844e-01,4.794207811355590820e-01,4.641844034194946289e-01,5.130327343940734863e-01,4.688799977302551270e-01,4.247223734855651855e-01,4.506919384002685547e-01,4.547967016696929932e-01,4.005452692508697510e-01,4.021116495132446289e-01,4.373311996459960938e-01,4.385313093662261963e-01,4.468911290168762207e-01,5.441764593124389648e-01,6.550757884979248047e-01,9.146463274955749512e-01,1.138651013374328613e+00,1.212160825729370117e+00,1.360942840576171875e+00,1.542447447776794434e+00,1.787246465682983398e+00,1.759186148643493652e+00,1.697864651679992676e+00,1.782368183135986328e+00,1.499441146850585938e+00,1.309033751487731934e+00,1.116033554077148438e+00,7.811155319213867188e-01,4.543765783309936523e-01,7.637637853622436523e-02,-7.422865927219390869e-02,-1.737806797027587891e-01,-1.323389708995819092e-01,-1.326334774494171143e-01,-1.691219955682754517e-01,-1.053481623530387878e-01,-7.672967761754989624e-02,-4.922657832503318787e-02,-1.303610652685165405e-01,-2.944708056747913361e-02,-6.144945323467254639e-02,-7.125539332628250122e-02,-1.102348603308200836e-02,-7.697919011116027832e-02,5.455204844474792480e-02,2.497428059577941895e-01,9.926318526268005371e-01,1.329452395439147949e+00,1.251110672950744629e+00,1.193743467330932617e+00,9.709835648536682129e-01,8.492123484611511230e-01,4.877656102180480957e-01,1.240160107612609863e+00,7.156034708023071289e-01
1.511564731597900391e+00,-5.196947455406188965e-01,-2.275451183319091797e+00,-3.518121242523193359e+00,-4.290036678314208984e+00,-3.597876787185668945e+00,-2.453730583190917969e+00,-1.857342123985290527e+00,-1.580244898796081543e+00,-4.221213161945343018e-01,-3.127130493521690369e-02,-1.140194386243820190e-01,-6.440287083387374878e-02,-1.954346895217895508e-01,-1.611549407243728638e-01,-1.231349334120750427e-01,-8.941128104925155640e-02,-1.649408042430877686e-01,-2.417668998241424561e-01,-2.644945979118347168e-01,-4.227514266967773438e-01,-3.036670684814453125e-01,-3.315200805664062500e-01,-4.979100227355957031e-01,-4.824651181697845459e-01,-4.836533665657043457e-01,-5.208686590194702148e-01,-5.142345428466796875e-01,-6.169098615646362305e-01,-8.191723823547363281e-01,-8.120787739753723145e-01,-8.343482017517089844e-01,-8.368158936500549316e-01,-9.211831688880920410e-01,-9.744434356689453125e-01,-1.097255468368530273e+00,-1.059462904930114746e+00,-1.073388814926147461e+00,-1.091701269149780273e+00,-9.414305090904235840e-01,-9.593945741653442383e-01,-8.929362297058105469e-01,-8.824933171272277832e-01,-7.768517732620239258e-01,-6.697654724121093750e-01,-5.864723920822143555e-01,-3.186943233013153076e-01,-2.798170447349548340e-01,-1.197684407234191895e-01,-2.441925853490829468e-01,-1.419631391763687134e-01,-2.539006806910037994e-02,-9.573946148157119751e-02,-1.092196628451347351e-02,1.450233161449432373e-01,1.084029376506805420e-01,1.310254186391830444e-01,1.614961475133895874e-01,1.495374590158462524e-01,2.039168030023574829e-01,1.782750636339187622e-01,3.099978566169738770e-01,2.328994572162628174e-01,2.359950244426727295e-01,2.995719313621520996e-01,3.713691234588623047e-01,3.242621123790740967e-01,3.784739375114440918e-01,3.414238989353179932e-01,4.631578326225280762e-01,4.832251667976379395e-01,5.051233172416687012e-01,4.107741117477416992e-01,5.606607794761657715e-01,6.888782382011413574e-01,5.513795614242553711e-01,5.561517477035522461e-01,5.269380807876586914e-01,5.982690453529357910e-01,5.001378059387207031e-01,3.615200519561767578e-01,4.803129434585571289e-01,3.836667537689208984e-01,3.987916409969329834e-01,3.574101030826568604e-01,2.906258702278137207e-01,3.025749027729034424e-01,2.334334701299667358e-01,2.847765088081359863e-01,1.924776732921600342e-01,1.773604750633239746e-01,1.812106966972351074e-01,3.211200535297393799e-01,2.212352305650711060e-01,1.807141453027725220e-01,3.024400174617767334e-01,3.257775306701660156e-01,3.038098812103271484e-01,3.937406539916992188e-01,4.736111760139465332e-01,7.133665680885314941e-01,9.983437657356262207e-01,1.242308020591735840e+00,1.331675171852111816e+00,1.333483219146728516e+00,1.651204109191894531e+00,2.079987287521362305e+00,2.272647380828857422e+00,2.187210798263549805e+00,2.139319419860839844e+00,1.775511741638183594e+00,1.492818713188171387e+00,1.286910057067871094e+00,8.225266337394714355e-01,2.848147451877593994e-01,-1.776971966028213501e-01,-4.134334921836853027e-01,-4.050912559032440186e-01,-3.988918066024780273e-01,-5.481663942337036133e-01,-4.853998124599456787e-01,-2.251647710800170898e-01,-4.355332851409912109e-01,-2.611333429813385010e-01,-4.098444581031799316e-01,-3.374342024326324463e-01,-4.403417706489562988e-01,-3.227192461490631104e-01,-2.590475678443908691e-01,-4.018534719944000244e-01,-2.626490294933319092e-01,-1.063363105058670044e-01,5.407692790031433105e-01,8.245967626571655273e-01,9.406257867813110352e-01,1.613968849182128906e+00,2.054183483123779297e+00,2.022818088531494141e+00,1.070059061050415039e+00,7.213602066040039062e-01
-6.368845105171203613e-01,-1.911316990852355957e+00,-2.608748912811279297e+00,-3.020140886306762695e+00,-3.175422191619873047e+00,-3.097551822662353516e+00,-2.855281114578247070e+00,-2.575328588485717773e+00,-2.014506101608276367e+00,-1.474142909049987793e+00,-1.191753745079040527e+00,-1.071455717086791992e+00,-9.527588486671447754e-01,-6.613211035728454590e-01,-2.290904968976974487e-01,-1.742127165198326111e-02,2.223106101155281067e-02,2.799501083791255951e-02,5.915834382176399231e-02,1.350980103015899658e-01,3.952806442975997925e-02,7.211010903120040894e-02,9.135582298040390015e-02,6.692299991846084595e-02,6.453727930784225464e-02,5.820692330598831177e-02,6.524266302585601807e-02,2.950112521648406982e-02,2.960411272943019867e-02,4.352113232016563416e-03,4.393098130822181702e-02,-3.958436474204063416e-02,4.303300008177757263e-02,-1.827268116176128387e-02,1.492939610034227371e-02,1.434216201305389404e-01,-1.048984378576278687e-01,-2.572176279500126839e-03,6.170009449124336243e-02,-5.751048028469085693e-02,2.047299034893512726e-02,-1.604611054062843323e-02,-6.140626221895217896e-02,-5.982278287410736084e-02,-6.259507685899734497e-02,-8.585898205637931824e-03,-8.152235299348831177e-02,-1.158856898546218872e-01,-1.627496927976608276e-01,-2.264618575572967529e-01,-1.801072210073471069e-01,-2.179984748363494873e-01,-2.701886892318725586e-01,-2.281201183795928955e-01,-2.783055305480957031e-01,-2.483865618705749512e-01,-1.786735951900482178e-01,-2.402243763208389282e-01,-1.886083930730819702e-01,-1.833785027265548706e-01,-1.271814852952957153e-01,-9.440786391496658325e-02,-6.928839534521102905e-02,-4.268362373113632202e-02,-9.078834950923919678e-02,3.485580533742904663e-02,9.007799625396728516e-02,1.570361107587814331e-01,2.264192700386047363e-01,2.662029564380645752e-01,2.869153022766113281e-01,3.345668315887451172e-01,4.257935285568237305e-01,3.902137875556945801e-01,3.663469254970550537e-01,4.434164166450500488e-01,4.836423397064208984e-01,5.314849019050598145e-01,5.862810015678405762e-01,5.915832519531250000e-01,6.026305556297302246e-01,6.550313234329223633e-01,6.733185648918151855e-01,6.518405079841613770e-01,5.919539332389831543e-01,5.609471201896667480e-01,6.685150861740112305e-01,6.478335857391357422e-01,7.239463925361633301e-01,7.388427853584289551e-01,7.504481077194213867e-01,8.502837419509887695e-01,7.655003666877746582e-01,7.374070286750793457e-01,7.518543601036071777e-01,8.701472878456115723e-01,8.682716488838195801e-01,9.079222083091735840e-01,9.483805298805236816e-01,8.660066127777099609e-01,8.085768222808837891e-01,8.684312701225280762e-01,9.912537336349487305e-01,9.478319883346557617e-01,9.907402992248535156e-01,1.056642413139343262e+00,1.036003232002258301e+00,1.078871846199035645e+00,1.043759346008300781e+00,1.090609550476074219e+00,1.177948236465454102e+00,1.105791330337524414e+00,1.133475899696350098e+00,1.139335274696350098e+00,1.098893642425537109e+00,1.038919687271118164e+00,8.743791580200195312e-01,7.568681240081787109e-01,7.825732231140136719e-01,8.673645853996276855e-01,9.281055927276611328e-01,8.354948163032531738e-01,7.197014689445495605e-01,6.987224817276000977e-01,5.409954190254211426e-01,5.750060677528381348e-01,7.761846780776977539e-01,7.189312577247619629e-01,4.467565417289733887e-01,1.108565181493759155e-02,-5.821210741996765137e-01,-1.119430899620056152e+00,-1.534492492675781250e+00,-2.198634386062622070e+00,-2.902210950851440430e+00,-2.961078643798828125e+00,-2.522192955017089844e+00,-1.623648643493652344e+00,-7.549429535865783691e-01,6.962966173887252808e-02
-1.273373365402221680e+00,-1.881033182144165039e+00,-2.123490810394287109e+00,-2.565284490585327148e+00,-2.924983978271484375e+00,-3.039833545684814453e+00,-2.737722158432006836e+00,-2.168235063552856445e+00,-1.585415959358215332e+00,-1.352308154106140137e+00,-1.265169501304626465e+00,-1.049762964248657227e+00,-7.040007114410400391e-01,-5.943099260330200195e-01,-6.425945162773132324e-01,-6.531272530555725098e-01,-6.194216012954711914e-01,-5.826063156127929688e-01,-5.546654462814331055e-01,-5.800163149833679199e-01,-6.375641822814941406e-01,-6.213221549987792969e-01,-5.610783100128173828e-01,-5.758303999900817871e-01,-5.671958327293395996e-01,-5.475994348526000977e-01,-4.964616596698760986e-01,-5.058177709579467773e-01,-4.541330933570861816e-01,-4.023178815841674805e-01,-4.340261816978454590e-01,-4.231715798377990723e-01,-3.953782320022583008e-01,-3.889555335044860840e-01,-5.425767898559570312e-01,-5.108985304832458496e-01,-4.854530990123748779e-01,-4.097669720649719238e-01,-4.314598739147186279e-01,-4.110886156558990479e-01,-4.480266869068145752e-01,-3.994206488132476807e-01,-3.763006329536437988e-01,-4.287005066871643066e-01,-4.670028686523437500e-01,-3.518484830856323242e-01,-3.941243588924407959e-01,-4.228273034095764160e-01,-3.040244877338409424e-01,-2.671676278114318848e-01,-2.610546350479125977e-01,-1.293722838163375854e-01,-1.124881729483604431e-01,-1.522302925586700439e-01,-5.097020417451858521e-02,-4.643390327692031860e-02,5.548751913011074066e-03,4.661503247916698456e-03,6.768625229597091675e-02,1.166979894042015076e-01,1.217884123325347900e-01,1.838048994541168213e-01,1.442258507013320923e-01,1.851938962936401367e-01,1.858115941286087036e-01,2.626037299633026123e-01,2.803137302398681641e-01,2.718393206596374512e-01,2.776755094528198242e-01,2.197171151638031006e-01,2.999286055564880371e-01,2.491478025913238525e-01,2.571499943733215332e-01,2.540722191333770752e-01,3.673042953014373779e-01,3.594255149364471436e-01,4.525065720081329346e-01,4.572708010673522949e-01,4.260744452476501465e-01,4.534674584865570068e-01,4.432450830936431885e-01,5.139763355255126953e-01,4.987356960773468018e-01,5.304163098335266113e-01,5.486550927162170410e-01,5.450595617294311523e-01,6.182743310928344727e-01,6.646221876144409180e-01,6.582205295562744141e-01,6.017053127288818359e-01,6.048257350921630859e-01,7.676510810852050781e-01,8.133930563926696777e-01,8.233306407928466797e-01,8.511195778846740723e-01,9.359811544418334961e-01,9.658344388008117676e-01,9.317557215690612793e-01,9.174564480781555176e-01,9.216242432594299316e-01,9.369511604309082031e-01,8.586599826812744141e-01,9.456843137741088867e-01,1.000069618225097656e+00,9.996967315673828125e-01,1.052287340164184570e+00,9.756954908370971680e-01,1.021288752555847168e+00,9.465855956077575684e-01,1.049080252647399902e+00,1.054759740829467773e+00,1.016906738281250000e+00,1.009543538093566895e+00,1.031798720359802246e+00,9.636814594268798828e-01,1.018886089324951172e+00,1.072259902954101562e+00,1.126843810081481934e+00,1.116687536239624023e+00,1.096285700798034668e+00,1.139219403266906738e+00,1.229416370391845703e+00,1.367868185043334961e+00,1.450865983963012695e+00,1.401266694068908691e+00,1.313673853874206543e+00,1.351112842559814453e+00,1.341483473777770996e+00,1.237916469573974609e+00,1.204100251197814941e+00,1.028804183006286621e+00,7.073200345039367676e-01,1.412621587514877319e-01,-4.726189672946929932e-01,-1.261819243431091309e+00,-2.041463613510131836e+00,-2.695509910583496094e+00,-2.557573795318603516e+00,-1.803497195243835449e+00,-1.123834252357482910e+00
6.566051840782165527e-01,-1.228984475135803223e+00,-3.562296628952026367e+00,-4.521170139312744141e+00,-4.388134956359863281e+00,-3.118297576904296875e+00,-1.841905713081359863e+00,-1.790727496147155762e+00,-1.060432910919189453e+00,-1.917450278997421265e-01,-8.833669871091842651e-02,-8.546990156173706055e-02,-1.871757060289382935e-01,-1.184918135404586792e-01,-1.577822864055633545e-01,-4.754472523927688599e-02,-1.527254730463027954e-01,-2.429935634136199951e-01,-2.175683528184890747e-01,-2.060088217258453369e-01,-1.617014110088348389e-01,-3.571504652500152588e-01,-3.745387196540832520e-01,-3.737490773200988770e-01,-4.026792049407958984e-01,-3.841042220592498779e-01,-3.863487243652343750e-01,-5.859759449958801270e-01,-7.365131378173828125e-01,-7.826007008552551270e-01,-9.412076473236083984e-01,-8.990892767906188965e-01,-8.650922775268554688e-01,-9.184586405754089355e-01,-9.726178050041198730e-01,-1.005259156227111816e+00,-9.495514631271362305e-01,-9.474496245384216309e-01,-9.140705466270446777e-01,-8.464876413345336914e-01,-6.280694007873535156e-01,-6.045817136764526367e-01,-4.361668825149536133e-01,-2.721401751041412354e-01,-2.207798063755035400e-01,-1.457172930240631104e-01,-1.060953512787818909e-01,-4.169430583715438843e-02,6.670855730772018433e-02,6.908892095088958740e-02,1.077440902590751648e-01,8.932574093341827393e-02,1.192349195480346680e-01,1.147317513823509216e-01,9.269987046718597412e-02,1.270427554845809937e-01,9.376612305641174316e-02,7.216809689998626709e-02,8.884441852569580078e-02,1.518831551074981689e-01,1.537230163812637329e-01,1.628266721963882446e-01,3.715802729129791260e-01,3.270531296730041504e-01,3.365036249160766602e-01,3.967648744583129883e-01,3.383249342441558838e-01,4.902108311653137207e-01,4.397029876708984375e-01,5.709962248802185059e-01,7.197456359863281250e-01,7.482455372810363770e-01,6.493750214576721191e-01,7.437458634376525879e-01,7.804983854293823242e-01,7.248229980468750000e-01,7.990199327468872070e-01,7.359544634819030762e-01,6.757695674896240234e-01,6.954911947250366211e-01,6.423033475875854492e-01,5.784061551094055176e-01,5.199404358863830566e-01,5.666493177413940430e-01,5.505720973014831543e-01,4.512287378311157227e-01,4.948562979698181152e-01,4.153571426868438721e-01,3.913612067699432373e-01,3.968597352504730225e-01,3.654361367225646973e-01,3.930328786373138428e-01,2.929803431034088135e-01,4.249121248722076416e-01,3.818462789058685303e-01,5.075799226760864258e-01,6.204509139060974121e-01,9.299714565277099609e-01,1.195502161979675293e+00,1.249204158782958984e+00,1.477784395217895508e+00,1.603149890899658203e+00,1.951370954513549805e+00,1.996386528015136719e+00,1.886856675148010254e+00,1.870292186737060547e+00,1.685252547264099121e+00,1.437402725219726562e+00,1.081376314163208008e+00,8.339539170265197754e-01,4.981347024440765381e-01,7.123905420303344727e-02,-2.491218596696853638e-01,-3.344611823558807373e-01,-3.732855319976806641e-01,-3.876399695873260498e-01,-5.367785096168518066e-01,-5.711531639099121094e-01,-5.137799382209777832e-01,-6.420377492904663086e-01,-6.160688996315002441e-01,-5.279147624969482422e-01,-5.237107872962951660e-01,-5.367809534072875977e-01,-5.614154934883117676e-01,-4.151009917259216309e-01,-4.211954474449157715e-01,-4.548333883285522461e-01,-8.098267018795013428e-02,5.743113160133361816e-01,8.091214895248413086e-01,6.532854437828063965e-01,9.070413708686828613e-01,1.048633456230163574e+00,9.552495479583740234e-01,6.559383273124694824e-01,7.199813127517700195e-01,1.194819688796997070e+00,7.910043597221374512e-01,-1.567291617393493652e+00
1.116132259368896484e+00,6.058641672134399414e-01,-7.356546074151992798e-02,-7.568877935409545898e-01,-1.039516210556030273e+00,-1.324818730354309082e+00,-1.572619915008544922e+00,-1.645975470542907715e+00,-1.379440546035766602e+00,-9.298516511917114258e-01,-5.376924276351928711e-01,-3.218801319599151611e-01,-3.132172822952270508e-01,-1.101905629038810730e-01,2.393925637006759644e-01,4.603458642959594727e-01,4.175342917442321777e-01,3.806979954242706299e-01,3.953500688076019287e-01,4.523982405662536621e-01,4.353473782539367676e-01,4.636484980583190918e-01,3.944440782070159912e-01,4.580131173133850098e-01,4.397815167903900146e-01,4.138674139976501465e-01,3.909872770309448242e-01,3.204046189785003662e-01,4.345260560512542725e-01,4.210180938243865967e-01,3.780752122402191162e-01,3.449551463127136230e-01,3.218828141689300537e-01,3.230339586734771729e-01,3.220248520374298096e-01,3.052478432655334473e-01,3.049862980842590332e-01,3.234975337982177734e-01,3.199593126773834229e-01,2.624965012073516846e-01,2.357351332902908325e-01,2.514464557170867920e-01,2.058008313179016113e-01,1.796801090240478516e-01,1.556081473827362061e-01,1.524722129106521606e-01,1.551920473575592041e-01,9.753616154193878174e-02,1.225866675376892090e-01,5.923034623265266418e-02,1.006979867815971375e-01,9.470023214817047119e-02,2.876116521656513214e-02,-7.495492231100797653e-03,-5.280286073684692383e-03,2.031235583126544952e-02,7.446950301527976990e-03,-2.424664422869682312e-02,3.346926346421241760e-02,9.278699755668640137e-02,6.467809528112411499e-02,9.669312834739685059e-02,7.690513134002685547e-02,9.922423958778381348e-02,1.715834140777587891e-01,1.998600661754608154e-01,2.113852798938751221e-01,2.814005911350250244e-01,3.222006559371948242e-01,3.057645261287689209e-01,3.040888309478759766e-01,3.247857093811035156e-01,3.941722512245178223e-01,3.735078275203704834e-01,4.180518090724945068e-01,3.996994197368621826e-01,4.072399139404296875e-01,4.356021285057067871e-01,4.264673888683319092e-01,5.031210780143737793e-01,4.781224727630615234e-01,4.755707681179046631e-01,5.033525228500366211e-01,5.194458961486816406e-01,4.803872704505920410e-01,4.954623281955718994e-01,4.906447827816009521e-01,5.138777494430541992e-01,4.602896571159362793e-01,5.301727652549743652e-01,5.175831317901611328e-01,4.155500233173370361e-01,4.832055866718292236e-01,4.823285043239593506e-01,5.359026789665222168e-01,5.844293236732482910e-01,5.437158942222595215e-01,5.845248103141784668e-01,5.702306628227233887e-01,5.836786627769470215e-01,5.854797363281250000e-01,6.036274433135986328e-01,5.856956243515014648e-01,6.529430747032165527e-01,6.073646545410156250e-01,6.547582149505615234e-01,6.563430428504943848e-01,6.397496461868286133e-01,6.377550959587097168e-01,6.839644312858581543e-01,6.575816869735717773e-01,6.399333477020263672e-01,7.249390482902526855e-01,6.719366908073425293e-01,6.931521892547607422e-01,7.396621108055114746e-01,8.102057576179504395e-01,6.591666340827941895e-01,6.156398653984069824e-01,4.726634919643402100e-01,3.238693773746490479e-01,3.662679791450500488e-01,3.104644417762756348e-01,1.517231166362762451e-01,-6.173229217529296875e-02,-2.855700850486755371e-01,-4.977653622627258301e-01,-8.571475744247436523e-01,-1.025130510330200195e+00,-1.023504257202148438e+00,-1.247928500175476074e+00,-1.577872991561889648e+00,-2.104862928390502930e+00,-2.711422681808471680e+00,-3.256092786788940430e+00,-4.097655296325683594e+00,-4.740950584411621094e+00,-4.454242229461669922e+00,-3.327509641647338867e+00,-2.337103605270385742e+00
-1.576042413711547852e+00,-3.337933063507080078e+00,-3.887331247329711914e+00,-4.626068592071533203e+00,-4.214525699615478516e+00,-3.192968606948852539e+00,-1.841314554214477539e+00,-1.439539909362792969e+00,-1.083829045295715332e+00,-3.294562697410583496e-01,-3.391363322734832764e-01,-2.700993120670318604e-01,-3.107392489910125732e-01,-3.623281419277191162e-01,-3.180174529552459717e-01,-2.692541182041168213e-01,-1.938206851482391357e-01,4.088530782610177994e-03,-8.177114278078079224e-02,-6.139265373349189758e-02,-2.004982084035873413e-01,-2.368173599243164062e-01,-7.053975760936737061e-02,-6.191525608301162720e-02,-1.041267663240432739e-01,-1.418974548578262329e-01,6.095744296908378601e-02,9.800744056701660156e-02,4.854440689086914062e-02,4.498307779431343079e-02,5.540622025728225708e-02,1.461026966571807861e-01,1.092862114310264587e-01,1.676152348518371582e-01,1.852374523878097534e-01,1.350166946649551392e-01,1.862276941537857056e-01,1.733602434396743774e-01,1.434486359357833862e-01,2.633903622627258301e-01,2.819756567478179932e-01,1.406133025884628296e-01,2.487100213766098022e-01,2.710067331790924072e-01,1.813718676567077637e-01,1.398547142744064331e-01,2.200817316770553589e-01,3.340604007244110107e-01,3.884902000427246094e-01,2.939052581787109375e-01,1.563141345977783203e-01,2.380050569772720337e-01,1.583364158868789673e-01,8.251614123582839966e-02,1.947226971387863159e-01,1.885246634483337402e-01,1.428634524345397949e-01,2.673342637717723846e-02,3.386977314949035645e-02,2.076859772205352783e-01,1.552728116512298584e-01,2.097100466489791870e-01,1.837989091873168945e-01,3.382209315896034241e-02,1.257476583123207092e-02,1.568733528256416321e-02,1.258598566055297852e-01,2.840015590190887451e-01,2.354735136032104492e-01,1.457331031560897827e-01,1.604942232370376587e-01,2.329529076814651489e-01,2.371629029512405396e-01,3.614057600498199463e-01,2.517785131931304932e-01,3.146826028823852539e-01,4.282379746437072754e-01,5.058714747428894043e-01,5.504741668701171875e-01,5.892738103866577148e-01,3.777280151844024658e-01,4.843179881572723389e-01,4.565340280532836914e-01,3.900631368160247803e-01,5.119392275810241699e-01,4.189546704292297363e-01,4.262672960758209229e-01,3.889363408088684082e-01,3.150562345981597900e-01,3.269021809101104736e-01,3.210333287715911865e-01,1.982738077640533447e-01,2.316658496856689453e-01,2.695626318454742432e-01,3.117786049842834473e-01,3.523262143135070801e-01,3.718260526657104492e-01,5.474439263343811035e-01,6.544719338417053223e-01,7.129691243171691895e-01,9.322572350502014160e-01,1.284463047981262207e+00,1.680208206176757812e+00,1.988196849822998047e+00,2.006830453872680664e+00,1.996448874473571777e+00,1.748216986656188965e+00,1.501867055892944336e+00,1.346042394638061523e+00,1.121711850166320801e+00,7.203616499900817871e-01,3.699725568294525146e-01,1.712049357593059540e-03,-2.053253054618835449e-01,-2.560541033744812012e-01,-2.112035155296325684e-01,-2.828235328197479248e-01,-3.179889619350433350e-01,-2.979623377323150635e-01,-2.746783196926116943e-01,-1.858975738286972046e-01,-1.378536075353622437e-01,-2.517498731613159180e-01,-2.230733931064605713e-01,-1.579472124576568604e-01,-1.843441128730773926e-01,-1.069514006376266479e-01,-4.055950418114662170e-02,-2.623275388032197952e-03,5.322827100753784180e-01,1.344930171966552734e+00,1.638520002365112305e+00,1.009642362594604492e+00,2.233381271362304688e-01,-7.351809144020080566e-01,-1.758531212806701660e+00,-2.064130783081054688e+00,-1.918372154235839844e+00,-1.099610328674316406e+00,-1.036410570144653320e+00
-2.167675018310546875e+00,-4.434513568878173828e+00,-4.382212638854980469e+00,-4.390963554382324219e+00,-3.191007852554321289e+00,-2.028457403182983398e+00,-1.782677412033081055e+00,-1.446181058883666992e+00,-4.953625798225402832e-01,-2.819629907608032227e-01,-2.644287645816802979e-01,-3.033680617809295654e-01,-2.225614637136459351e-01,-2.066168934106826782e-01,-2.048726081848144531e-01,-2.628692388534545898e-01,-3.740085363388061523e-01,-3.211815953254699707e-01,-3.796300292015075684e-01,-3.159184157848358154e-01,-4.262017309665679932e-01,-3.757436275482177734e-01,-4.158428013324737549e-01,-4.600666463375091553e-01,-4.855014383792877197e-01,-5.940972566604614258e-01,-5.537868142127990723e-01,-5.386614203453063965e-01,-6.772950887680053711e-01,-7.538425326347351074e-01,-6.498162150382995605e-01,-7.051119804382324219e-01,-8.216917514801025391e-01,-8.352994322776794434e-01,-8.711044192314147949e-01,-8.467992544174194336e-01,-8.692662119865417480e-01,-8.118696808815002441e-01,-7.122946977615356445e-01,-6.308876276016235352e-01,-6.225201487541198730e-01,-5.594578981399536133e-01,-3.758525848388671875e-01,-2.698815762996673584e-01,-2.056830674409866333e-01,-3.178258240222930908e-02,-5.588275566697120667e-02,1.732691598590463400e-04,3.774581104516983032e-02,1.116529628634452820e-01,9.617333859205245972e-02,1.330203413963317871e-01,1.262739449739456177e-01,1.947282627224922180e-02,1.351062655448913574e-01,1.364415436983108521e-01,2.076731473207473755e-01,2.140573561191558838e-01,2.413860708475112915e-01,2.707986533641815186e-01,2.849486172199249268e-01,2.782897651195526123e-01,2.855082154273986816e-01,3.580047786235809326e-01,3.557977378368377686e-01,4.349062740802764893e-01,5.046778917312622070e-01,5.142703056335449219e-01,5.695070028305053711e-01,6.391362547874450684e-01,6.655406355857849121e-01,6.487275362014770508e-01,7.031280994415283203e-01,6.899813413619995117e-01,6.700625419616699219e-01,6.321147680282592773e-01,6.378303766250610352e-01,6.020936965942382812e-01,5.675773620605468750e-01,5.604184865951538086e-01,4.652752578258514404e-01,5.561676621437072754e-01,5.151792764663696289e-01,4.697328507900238037e-01,3.679619133472442627e-01,4.139685332775115967e-01,4.080965816974639893e-01,2.871738970279693604e-01,2.821489870548248291e-01,2.913910150527954102e-01,3.489551842212677002e-01,2.636018395423889160e-01,2.897358536720275879e-01,3.140445649623870850e-01,2.490564286708831787e-01,2.472287416458129883e-01,2.773924767971038818e-01,3.446493148803710938e-01,5.351964831352233887e-01,7.905681729316711426e-01,9.483419656753540039e-01,1.175876021385192871e+00,1.207220554351806641e+00,1.479302167892456055e+00,1.743703842163085938e+00,1.894747853279113770e+00,1.740688800811767578e+00,1.721641898155212402e+00,1.540863871574401855e+00,1.302268862724304199e+00,1.236781835556030273e+00,9.412316083908081055e-01,6.356373429298400879e-01,5.904473736882209778e-02,-1.946654021739959717e-01,-2.869550585746765137e-01,-3.103100657463073730e-01,-2.114820331335067749e-01,-2.444166094064712524e-01,-3.116680681705474854e-01,-2.608431577682495117e-01,-2.498315572738647461e-01,-1.584363579750061035e-01,-2.344355583190917969e-01,-1.302350014448165894e-01,-2.485934048891067505e-01,-1.900296062231063843e-01,-1.614387780427932739e-01,-1.352251470088958740e-01,-4.947590082883834839e-02,1.913511902093887329e-01,9.542050957679748535e-01,1.569537162780761719e+00,1.381455898284912109e+00,1.507013559341430664e+00,9.535681009292602539e-01,4.215834438800811768e-01,4.284088686108589172e-02,5.612442493438720703e-01,7.305794358253479004e-01
-6.788139343261718750e-01,-1.642572045326232910e+00,-2.119066476821899414e+00,-2.827680826187133789e+00,-2.856848716735839844e+00,-2.506423711776733398e+00,-1.815057754516601562e+00,-1.240919113159179688e+00,-8.775759935379028320e-01,-7.426947951316833496e-01,-5.545628070831298828e-01,6.728822737932205200e-02,2.933701574802398682e-01,3.148372471332550049e-01,3.043546974658966064e-01,2.811807096004486084e-01,2.539316713809967041e-01,2.186839878559112549e-01,2.470378130674362183e-01,2.860570549964904785e-01,2.086366564035415649e-01,2.483825385570526123e-01,3.242407143115997314e-01,2.447057068347930908e-01,2.001852840185165405e-01,1.350912600755691528e-01,1.476122140884399414e-01,2.181350737810134888e-01,2.205771803855895996e-01,1.163509413599967957e-01,1.365177482366561890e-01,6.945586204528808594e-02,2.476074174046516418e-02,2.545529976487159729e-02,8.797084540128707886e-02,4.900613427162170410e-02,5.906320177018642426e-03,-7.859372347593307495e-02,-1.621526479721069336e-01,-9.815593063831329346e-02,-1.039190292358398438e-01,-1.554775238037109375e-01,-2.347482442855834961e-01,-3.234025537967681885e-01,-3.061508834362030029e-01,-3.290646672248840332e-01,-4.779148995876312256e-01,-4.237613677978515625e-01,-3.883047997951507568e-01,-3.834106624126434326e-01,-3.699745833873748779e-01,-3.378723561763763428e-01,-3.869018852710723877e-01,-4.403490722179412842e-01,-3.243479132652282715e-01,-4.058602154254913330e-01,-2.689943015575408936e-01,-2.338232696056365967e-01,-1.265610456466674805e-01,-1.743569374084472656e-01,-1.168993115425109863e-01,-1.675129123032093048e-02,1.612090878188610077e-02,1.910073161125183105e-01,1.955360472202301025e-01,2.091999053955078125e-01,2.774908840656280518e-01,2.492201179265975952e-01,3.317700922489166260e-01,3.616394698619842529e-01,4.449928998947143555e-01,3.863070309162139893e-01,4.523831307888031006e-01,4.487816393375396729e-01,4.746939837932586670e-01,5.039398670196533203e-01,5.365723371505737305e-01,5.426220893859863281e-01,5.468321442604064941e-01,5.527371764183044434e-01,6.481097936630249023e-01,6.556085348129272461e-01,6.225513219833374023e-01,6.345318555831909180e-01,6.650497317314147949e-01,6.104804873466491699e-01,6.493741273880004883e-01,6.756851077079772949e-01,6.541818976402282715e-01,7.025196552276611328e-01,7.418338060379028320e-01,7.405343651771545410e-01,7.754305005073547363e-01,8.499230742454528809e-01,8.956273794174194336e-01,8.551956415176391602e-01,9.565939307212829590e-01,9.833768010139465332e-01,9.421722888946533203e-01,9.081676602363586426e-01,1.002529859542846680e+00,1.045735120773315430e+00,9.727655649185180664e-01,1.019998192787170410e+00,1.021019101142883301e+00,9.810060858726501465e-01,9.995265007019042969e-01,1.024162888526916504e+00,9.894728064537048340e-01,9.912029504776000977e-01,1.050822496414184570e+00,1.035373210906982422e+00,1.009289979934692383e+00,1.011216044425964355e+00,1.057396292686462402e+00,1.017756223678588867e+00,1.038327336311340332e+00,9.192550182342529297e-01,8.158729076385498047e-01,6.984253525733947754e-01,4.796713888645172119e-01,3.595603406429290771e-01,3.078029155731201172e-01,2.407653778791427612e-01,7.420038804411888123e-03,-7.615599781274795532e-02,-1.366826295852661133e-01,-3.582119345664978027e-01,-3.262394368648529053e-01,-2.211407572031021118e-01,-4.490564465522766113e-01,-7.170134186744689941e-01,-1.209992647171020508e+00,-1.722468495368957520e+00,-2.251765012741088867e+00,-3.132007837295532227e+00,-4.151897907257080078e+00,-4.045629024505615234e+00,-2.823709726333618164e+00,-1.562964558601379395e+00
-5.322190746665000916e-02,-1.110396385192871094e+00,-1.874858617782592773e+00,-2.462455272674560547e+00,-2.716614246368408203e+00,-2.759103536605834961e+00,-2.470836877822875977e+00,-2.156548023223876953e+00,-1.829285502433776855e+00,-1.364771723747253418e+00,-9.116702675819396973e-01,-6.623187065124511719e-01,-5.983056426048278809e-01,-3.908365964889526367e-01,-6.814919412136077881e-02,1.777694076299667358e-01,3.836423754692077637e-01,4.573789536952972412e-01,3.831134438514709473e-01,3.795777857303619385e-01,4.230488538742065430e-01,4.218100309371948242e-01,4.408920407295227051e-01,4.419353306293487549e-01,4.211933612823486328e-01,4.283184707164764404e-01,4.057058393955230713e-01,3.606327772140502930e-01,3.328455686569213867e-01,3.145047426223754883e-01,3.393866717815399170e-01,3.512353301048278809e-01,3.249231278896331787e-01,3.155191838741302490e-01,3.157224357128143311e-01,3.059208691120147705e-01,2.883653044700622559e-01,3.197020590305328369e-01,3.254873156547546387e-01,2.605040669441223145e-01,2.578097581863403320e-01,2.656133174896240234e-01,2.145621329545974731e-01,2.187585532665252686e-01,1.771210432052612305e-01,1.046149581670761108e-01,1.751024425029754639e-01,1.889147013425827026e-01,1.378758400678634644e-01,1.413169950246810913e-01,1.003694385290145874e-01,8.478058874607086182e-02,8.915369957685470581e-02,3.192656114697456360e-02,6.609550863504409790e-02,1.006215512752532959e-01,3.452070057392120361e-02,4.724429920315742493e-02,3.079627268016338348e-02,-2.033220790326595306e-02,2.304734289646148682e-02,7.389640063047409058e-02,7.158824801445007324e-02,7.347270846366882324e-02,1.234736219048500061e-01,1.055305674672126770e-01,1.224379017949104309e-01,1.941666603088378906e-01,2.163698673248291016e-01,3.213306963443756104e-01,3.353852033615112305e-01,2.677214443683624268e-01,3.550671041011810303e-01,4.206724166870117188e-01,4.145241379737854004e-01,4.573900699615478516e-01,4.804665446281433105e-01,5.026389360427856445e-01,5.260242819786071777e-01,5.222889780998229980e-01,5.787633061408996582e-01,6.138875484466552734e-01,6.552719473838806152e-01,6.540058851242065430e-01,5.609763264656066895e-01,5.952414870262145996e-01,6.451408863067626953e-01,6.120413541793823242e-01,6.201236844062805176e-01,5.886396765708923340e-01,5.735637545585632324e-01,6.461919546127319336e-01,6.129819154739379883e-01,6.215282678604125977e-01,6.925052404403686523e-01,6.463232636451721191e-01,6.301838755607604980e-01,6.217044591903686523e-01,6.261191964149475098e-01,6.931273937225341797e-01,6.938355565071105957e-01,6.167839169502258301e-01,5.990258455276489258e-01,6.696268320083618164e-01,6.699507832527160645e-01,6.236198544502258301e-01,6.536454558372497559e-01,6.979442238807678223e-01,7.272145152091979980e-01,7.412046194076538086e-01,6.985962390899658203e-01,7.172817587852478027e-01,8.066556453704833984e-01,7.772026062011718750e-01,6.784885525703430176e-01,6.078312397003173828e-01,4.767857193946838379e-01,4.252542257308959961e-01,4.891079664230346680e-01,4.590119421482086182e-01,3.991101086139678955e-01,2.945831120014190674e-01,2.225731760263442993e-01,1.886112838983535767e-01,7.626046985387802124e-02,1.822004169225692749e-01,4.327192306518554688e-01,5.948573350906372070e-01,5.684044361114501953e-01,2.134942859411239624e-01,-3.509666323661804199e-01,-1.052237868309020996e+00,-1.691179752349853516e+00,-2.420092344284057617e+00,-3.182393789291381836e+00,-3.806565999984741211e+00,-4.021136760711669922e+00,-3.355617761611938477e+00,-2.918487548828125000e+00,-1.235646843910217285e+00
4.363059103488922119e-01,-2.141357660293579102e+00,-3.953847885131835938e+00,-4.394061565399169922e+00,-4.139341831207275391e+00,-3.536533117294311523e+00,-2.295619487762451172e+00,-1.643654823303222656e+00,-1.369937658309936523e+00,-5.747857093811035156e-01,-2.188900560140609741e-01,-2.311652898788452148e-01,-1.793954074382781982e-01,-9.976587444543838501e-02,-1.983101367950439453e-01,-2.032284587621688843e-01,-1.469472944736480713e-01,-1.824762672185897827e-01,-2.246000319719314575e-01,-2.969774603843688965e-01,-2.751065790653228760e-01,-2.524391412734985352e-01,-3.383288979530334473e-01,-3.094853460788726807e-01,-3.897943794727325439e-01,-4.173620641231536865e-01,-4.223623275756835938e-01,-4.962669312953948975e-01,-5.108169317245483398e-01,-5.785135626792907715e-01,-6.984134316444396973e-01,-7.037957906723022461e-01,-7.262206077575683594e-01,-7.616790533065795898e-01,-7.564101815223693848e-01,-7.776855230331420898e-01,-7.531107068061828613e-01,-8.255833387374877930e-01,-7.514336705207824707e-01,-6.639234423637390137e-01,-6.489112377166748047e-01,-6.182233095169067383e-01,-5.421026945114135742e-01,-4.302411377429962158e-01,-3.826048672199249268e-01,-2.188885807991027832e-01,-1.408953815698623657e-01,-1.172721683979034424e-01,-4.867887496948242188e-02,-6.113727390766143799e-02,-1.066960394382476807e-02,-1.017295718193054199e-01,-1.322469953447580338e-02,9.212909638881683350e-02,9.463847614824771881e-03,8.549062162637710571e-02,5.478954315185546875e-02,1.562609970569610596e-01,2.820201776921749115e-02,1.157639697194099426e-01,2.315768748521804810e-01,2.351644933223724365e-01,2.802849411964416504e-01,2.541145384311676025e-01,3.257494866847991943e-01,3.318477272987365723e-01,4.483100175857543945e-01,4.947933256626129150e-01,4.533476829528808594e-01,5.357209444046020508e-01,5.171678662300109863e-01,5.158483386039733887e-01,5.926697850227355957e-01,5.439373850822448730e-01,5.134740471839904785e-01,4.345620572566986084e-01,4.577262997627258301e-01,4.452962875366210938e-01,4.548850357532501221e-01,4.941163659095764160e-01,3.775410652160644531e-01,4.652572870254516602e-01,4.363527894020080566e-01,3.305021822452545166e-01,4.389445483684539795e-01,3.502668738365173340e-01,4.077967405319213867e-01,4.489441812038421631e-01,4.572189152240753174e-01,3.836165666580200195e-01,4.024359881877899170e-01,3.723316490650177002e-01,2.427141964435577393e-01,3.917787969112396240e-01,3.594985604286193848e-01,5.050230026245117188e-01,6.881908774375915527e-01,7.043960690498352051e-01,9.443948268890380859e-01,1.089686751365661621e+00,1.321132063865661621e+00,1.595214128494262695e+00,1.781110525131225586e+00,1.768549561500549316e+00,1.679030060768127441e+00,1.572799324989318848e+00,1.366882443428039551e+00,1.154009819030761719e+00,9.734873175621032715e-01,6.452628374099731445e-01,4.223519563674926758e-01,5.274255201220512390e-02,-1.502281874418258667e-01,-2.359995394945144653e-01,-2.984601259231567383e-01,-3.573831915855407715e-01,-2.606556415557861328e-01,-2.505144178867340088e-01,-2.372543960809707642e-01,-2.950483560562133789e-01,-1.832503974437713623e-01,-2.822027504444122314e-01,-2.939407527446746826e-01,-3.573566079139709473e-01,-3.196094930171966553e-01,-1.968155205249786377e-01,-2.188601642847061157e-01,-1.235527172684669495e-01,1.345021724700927734e-01,7.437462210655212402e-01,1.007244467735290527e+00,9.662908315658569336e-01,1.415519356727600098e+00,1.512329459190368652e+00,1.404962658882141113e+00,1.147331833839416504e+00,1.212725043296813965e+00,1.879165291786193848e+00,1.256488204002380371e+00,-1.513429045677185059e+00
2.140836268663406372e-01,-1.150105237960815430e+00,-2.438307523727416992e+00,-3.653681039810180664e+00,-4.199876308441162109e+00,-3.866781949996948242e+00,-2.965273618698120117e+00,-1.886096239089965820e+00,-1.547920107841491699e+00,-1.338736891746520996e+00,-6.770185828208923340e-01,-3.730606734752655029e-01,-3.007623255252838135e-01,-2.672200500965118408e-01,-3.650691211223602295e-01,-2.786488533020019531e-01,-3.048325777053833008e-01,-2.941147983074188232e-01,-3.868711888790130615e-01,-4.249037802219390869e-01,-3.229637145996093750e-01,-4.190575182437896729e-01,-3.638585805892944336e-01,-4.855380952358245850e-01,-5.296477675437927246e-01,-5.159525275230407715e-01,-5.425916314125061035e-01,-5.124204158782958984e-01,-5.697609782218933105e-01,-7.057437896728515625e-01,-6.773677468299865723e-01,-8.013640642166137695e-01,-8.013011813163757324e-01,-6.896926164627075195e-01,-7.048707604408264160e-01,-9.039341211318969727e-01,-1.008007049560546875e+00,-8.768191933631896973e-01,-8.865665793418884277e-01,-6.911283731460571289e-01,-5.243554115295410156e-01,-8.170651197433471680e-01,-6.742120385169982910e-01,-3.513561487197875977e-01,-3.060055673122406006e-01,-3.232595622539520264e-01,-2.214728295803070068e-01,-1.499373316764831543e-01,-1.237652301788330078e-01,-5.173953622579574585e-02,7.841184735298156738e-02,2.049971371889114380e-02,8.520375937223434448e-02,5.668287049047648907e-04,5.037540942430496216e-02,1.600280553102493286e-01,8.294155448675155640e-02,3.312043473124504089e-02,1.781881451606750488e-01,2.082842141389846802e-01,1.961358636617660522e-01,1.828145384788513184e-01,1.698937565088272095e-01,2.187285125255584717e-01,2.354469746351242065e-01,1.389136314392089844e-01,2.175117880105972290e-01,2.528230547904968262e-01,2.846876382827758789e-01,3.688019514083862305e-01,4.159258902072906494e-01,5.024578571319580078e-01,4.812313020229339600e-01,6.490686535835266113e-01,7.284720540046691895e-01,7.799516320228576660e-01,7.538529634475708008e-01,5.139796733856201172e-01,6.617285609245300293e-01,6.861990690231323242e-01,7.627804279327392578e-01,7.822555303573608398e-01,7.297220230102539062e-01,7.272709012031555176e-01,6.930754780769348145e-01,9.528509378433227539e-01,7.817629575729370117e-01,2.233209013938903809e-01,5.035412311553955078e-01,6.241087913513183594e-01,5.459308028221130371e-01,5.795518159866333008e-01,6.309122443199157715e-01,7.338479757308959961e-01,8.445000052452087402e-01,8.093198537826538086e-01,9.458137154579162598e-01,1.054139852523803711e+00,1.156541347503662109e+00,1.355060458183288574e+00,1.567994952201843262e+00,1.914399743080139160e+00,2.087389469146728516e+00,2.044326066970825195e+00,1.921247124671936035e+00,1.567675948143005371e+00,1.592708349227905273e+00,1.374675869941711426e+00,9.765627384185791016e-01,7.658837437629699707e-01,4.691725373268127441e-01,2.741021811962127686e-01,1.903157830238342285e-01,1.108785904943943024e-02,-3.929537534713745117e-01,-4.613879323005676270e-01,-3.349970877170562744e-01,-2.789538204669952393e-01,-2.852023541927337646e-01,-2.842435538768768311e-01,-2.947339713573455811e-01,-3.231949806213378906e-01,-3.008112013339996338e-01,-2.709752023220062256e-01,-2.099542766809463501e-01,-2.234227359294891357e-01,-1.331088840961456299e-01,1.266328543424606323e-01,7.158193588256835938e-01,1.073954939842224121e+00,9.063505530357360840e-01,9.579815864562988281e-01,9.975613355636596680e-01,9.744094610214233398e-01,6.534936428070068359e-01,2.851951122283935547e-01,4.693984985351562500e-01,5.254046916961669922e-01,-2.880411744117736816e-01,-2.077363491058349609e+00
2.103544622659683228e-01,-1.046311762183904648e-02,2.046836167573928833e-01,1.134098693728446960e-01,9.374596178531646729e-02,2.254605144262313843e-01,3.495988547801971436e-01,1.990185230970382690e-01,7.844517938792705536e-03,3.113406710326671600e-02,3.206244409084320068e-01,2.233630865812301636e-01,2.463934570550918579e-01,1.497155874967575073e-01,2.043473273515701294e-01,1.647770106792449951e-01,1.369250118732452393e-01,2.470996528863906860e-01,1.673441231250762939e-01,2.711883783340454102e-01,3.179959356784820557e-01,3.629618287086486816e-01,4.392460882663726807e-01,4.872114062309265137e-01,4.452755749225616455e-01,2.481547445058822632e-01,2.608622312545776367e-01,4.165263175964355469e-01,4.134244620800018311e-01,5.444884896278381348e-01,5.801184773445129395e-01,6.120263338088989258e-01,6.894287467002868652e-01,6.647916436195373535e-01,7.188669443130493164e-01,9.611101150512695312e-01,1.045385479927062988e+00,7.215827703475952148e-01,5.804172754287719727e-01,7.680084705352783203e-01,7.923568487167358398e-01,7.665731310844421387e-01,8.083767294883728027e-01,9.170911908149719238e-01,9.679569005966186523e-01,7.101221084594726562e-01,5.509768128395080566e-01,6.042420864105224609e-01,7.529875040054321289e-01,7.733636498451232910e-01,7.771956324577331543e-01,6.499142050743103027e-01,5.485539436340332031e-01,7.400574088096618652e-01,7.969967126846313477e-01,7.927009463310241699e-01,7.448455095291137695e-01,6.516352295875549316e-01,7.543591856956481934e-01,6.945039629936218262e-01,7.899517416954040527e-01,9.306243658065795898e-01,8.283631801605224609e-01,7.299997210502624512e-01,5.205496549606323242e-01,5.308657884597778320e-01,5.927773714065551758e-01,6.585621237754821777e-01,6.435974836349487305e-01,6.120890974998474121e-01,5.430384278297424316e-01,5.433766245841979980e-01,6.914886832237243652e-01,5.382567048072814941e-01,4.610193371772766113e-01,3.619754910469055176e-01,1.406094133853912354e-01,2.189457118511199951e-01,3.555231690406799316e-01,4.558341503143310547e-01,2.497022151947021484e-01,5.299411714076995850e-02,2.232460081577301025e-01,3.410462141036987305e-01,3.320851922035217285e-01,4.322274029254913330e-01,3.823312222957611084e-01,6.651583313941955566e-01,9.905336499214172363e-01,1.054141640663146973e+00,1.048598408699035645e+00,9.348885416984558105e-01,8.495743274688720703e-01,9.129067659378051758e-01,7.885741591453552246e-01,3.838781118392944336e-01,4.942663013935089111e-02,-3.266578307375311852e-03,-6.855498999357223511e-02,-5.345346927642822266e-01,-8.234923481941223145e-01,-6.901419162750244141e-01,-6.054928302764892578e-01,-7.994975447654724121e-01,-9.391753077507019043e-01,-8.147126436233520508e-01,-8.347495198249816895e-01,-8.690678477287292480e-01,-8.388699889183044434e-01,-9.136348962783813477e-01,-9.069398641586303711e-01,-9.247774481773376465e-01,-8.209163546562194824e-01,-9.931393265724182129e-01,-9.614126682281494141e-01,-5.446764826774597168e-01,-5.060655996203422546e-03,-4.267732147127389908e-03,-1.566417366266250610e-01,9.459516406059265137e-02,9.686497598886489868e-02,-3.158473372459411621e-01,-5.546641945838928223e-01,-3.684701621532440186e-01,-5.262306928634643555e-01,-1.538124084472656250e+00,-2.496367931365966797e+00,-3.152545690536499023e+00,-3.802469015121459961e+00,-4.014642238616943359e+00,-3.610865116119384766e+00,-2.711506366729736328e+00,-2.281742095947265625e+00,-1.953848838806152344e+00,-1.492549896240234375e+00,-1.592242121696472168e+00,-1.540724158287048340e+00,-1.525206089019775391e+00,-1.397860646247863770e+00,-1.730549812316894531e+00
-9.207959175109863281e-01,-1.892947554588317871e+00,-2.091503381729125977e+00,-2.767353773117065430e+00,-2.798695802688598633e+00,-2.568502426147460938e+00,-2.372893810272216797e+00,-1.976883411407470703e+00,-1.572104454040527344e+00,-1.043821454048156738e+00,-6.215440034866333008e-01,-5.067293643951416016e-01,-3.989070355892181396e-01,-1.999358236789703369e-01,7.035902142524719238e-02,3.483479321002960205e-01,4.852095842361450195e-01,4.953482449054718018e-01,5.327226519584655762e-01,5.689230561256408691e-01,5.319725871086120605e-01,5.031600594520568848e-01,5.166802406311035156e-01,5.130590200424194336e-01,4.904725551605224609e-01,4.595601856708526611e-01,4.842648804187774658e-01,5.617325305938720703e-01,5.553212165832519531e-01,4.782131016254425049e-01,4.545745253562927246e-01,4.984875917434692383e-01,5.321040749549865723e-01,4.872502982616424561e-01,4.330889880657196045e-01,4.713975787162780762e-01,5.151579380035400391e-01,4.737873375415802002e-01,4.162030220031738281e-01,4.002590775489807129e-01,3.917160630226135254e-01,4.012838006019592285e-01,4.319105148315429688e-01,4.220753908157348633e-01,3.654412925243377686e-01,3.128273189067840576e-01,3.122437298297882080e-01,3.355750441551208496e-01,2.914099991321563721e-01,2.394591569900512695e-01,2.708293199539184570e-01,2.691106200218200684e-01,1.993562728166580200e-01,2.006412744522094727e-01,2.563645839691162109e-01,2.468662410974502563e-01,2.158309072256088257e-01,1.866027563810348511e-01,1.339834034442901611e-01,1.434081345796585083e-01,1.859223246574401855e-01,1.375271230936050415e-01,9.132906049489974976e-02,1.317002624273300171e-01,1.398573964834213257e-01,7.883912324905395508e-02,6.918682157993316650e-02,1.330383867025375366e-01,1.420131176710128784e-01,1.064961180090904236e-01,1.256002187728881836e-01,1.509050577878952026e-01,1.978869140148162842e-01,2.886103987693786621e-01,2.812408804893493652e-01,2.674152553081512451e-01,3.315639197826385498e-01,3.569218516349792480e-01,4.265753626823425293e-01,5.216764211654663086e-01,5.443714857101440430e-01,5.945032835006713867e-01,5.959397554397583008e-01,5.487888455390930176e-01,5.814724564552307129e-01,5.810475349426269531e-01,5.848771333694458008e-01,6.856719851493835449e-01,7.111906409263610840e-01,6.321981549263000488e-01,6.145799160003662109e-01,6.624340415000915527e-01,6.978929042816162109e-01,7.117002010345458984e-01,7.014483809471130371e-01,7.003220319747924805e-01,7.463784813880920410e-01,7.675393223762512207e-01,7.636041641235351562e-01,7.687497138977050781e-01,7.203386425971984863e-01,6.761586070060729980e-01,6.860586404800415039e-01,7.113459110260009766e-01,7.638196349143981934e-01,7.827444076538085938e-01,7.811604738235473633e-01,7.862582802772521973e-01,7.090639472007751465e-01,6.978139877319335938e-01,7.298291325569152832e-01,5.956289172172546387e-01,5.027244687080383301e-01,4.808732569217681885e-01,3.558341562747955322e-01,3.474822044372558594e-01,4.725394845008850098e-01,4.637527167797088623e-01,3.597647845745086670e-01,3.047038316726684570e-01,2.574155926704406738e-01,1.390778571367263794e-01,1.344078779220581055e-02,-3.149084746837615967e-03,6.847571581602096558e-02,1.619409956037998199e-02,-2.204427570104598999e-01,-5.360350012779235840e-01,-1.011853933334350586e+00,-1.638644933700561523e+00,-2.122152805328369141e+00,-2.433872461318969727e+00,-2.898302078247070312e+00,-3.316137313842773438e+00,-3.438248157501220703e+00,-3.428178548812866211e+00,-2.688106775283813477e+00,-1.613142848014831543e+00,-1.088320851325988770e+00,4.830963313579559326e-01
